{"cameraMode":{"drawMode":0,"name":"Shaded","section":"Shading Mode"},"sceneLighting":false,"audioPlay":false,"sceneViewState":{"m_AlwaysRefresh":false,"showFog":true,"showSkybox":false,"showFlares":true,"showImageEffects":true,"showParticleSystems":true,"showVisualEffectGraphs":true,"m_FxEnabled":true},"in2DMode":false,"pivot":{"x":-0.030476342886686326,"y":0.6237995028495789,"z":-0.11545431613922119},"rotation":{"x":0.002021388616412878,"y":0.9946892261505127,"z":0.10300612449645996,"w":-0.015686040744185449},"size":0.41709277033805849,"orthographic":false}