{"cameraMode":{"drawMode":0,"name":"Shaded","section":"Shading Mode"},"sceneLighting":false,"audioPlay":false,"sceneViewState":{"m_AlwaysRefresh":false,"showFog":true,"showSkybox":false,"showFlares":true,"showImageEffects":true,"showParticleSystems":true,"showVisualEffectGraphs":true,"m_FxEnabled":true},"in2DMode":false,"pivot":{"x":1.2789840698242188,"y":16.947519302368165,"z":5.813494682312012},"rotation":{"x":0.036604318767786029,"y":-0.8636375665664673,"z":0.4988768696784973,"w":0.06365203112363816},"size":0.8660253882408142,"orthographic":false}