{"cameraMode":{"drawMode":0,"name":"Shaded","section":"Shading Mode"},"sceneLighting":false,"audioPlay":false,"sceneViewState":{"m_AlwaysRefresh":false,"showFog":true,"showSkybox":false,"showFlares":true,"showImageEffects":true,"showParticleSystems":true,"showVisualEffectGraphs":true,"m_FxEnabled":true},"in2DMode":false,"pivot":{"x":1.0412476062774659,"y":3.792656183242798,"z":8.863317489624024},"rotation":{"x":-0.0174405500292778,"y":-0.9771876335144043,"z":0.08544429391622544,"w":-0.19429193437099458},"size":0.12967544794082642,"orthographic":false}